{
  "compressed_sensing": {
    "dps_psnr": 13.649984359741211,
    "da_dps_psnr": 13.579588890075684,
    "dps_ssim": 0.019702939316630363,
    "da_dps_ssim": -0.0015461633447557688,
    "dps_mse": 0.043152064085006714,
    "da_dps_mse": 0.04385722056031227,
    "dps_mae": 0.17297522723674774,
    "da_dps_mae": 0.17456090450286865,
    "dps_coverage": 1.0,
    "da_dps_coverage": 1.0,
    "dps_ece": 0.4451906979084015,
    "da_dps_ece": 0.4426732361316681,
    "wasserstein": 0.10615096482519804,
    "energy": -0.0502166748046875,
    "mmd": 0.03999999910593033
  },
  "blur": {
    "dps_psnr": 13.550430297851562,
    "da_dps_psnr": 13.531709671020508,
    "dps_ssim": -0.005876697134226561,
    "da_dps_ssim": -0.012213513255119324,
    "dps_mse": 0.04415266588330269,
    "da_dps_mse": 0.04434340074658394,
    "dps_mae": 0.17515061795711517,
    "da_dps_mae": 0.17536641657352448,
    "dps_coverage": 1.0,
    "da_dps_coverage": 1.0,
    "dps_ece": 0.4404672384262085,
    "da_dps_ece": 0.44189903140068054,
    "wasserstein": 0.10068686847525696,
    "energy": -0.025249481201171875,
    "mmd": 0.03999999910593033
  },
  "inpainting": {
    "dps_psnr": 13.576272964477539,
    "da_dps_psnr": 13.620795249938965,
    "dps_ssim": -0.0028955000452697277,
    "da_dps_ssim": 0.013907629996538162,
    "dps_mse": 0.04389072582125664,
    "da_dps_mse": 0.04344307258725166,
    "dps_mae": 0.17398154735565186,
    "da_dps_mae": 0.1735498458147049,
    "dps_coverage": 1.0,
    "da_dps_coverage": 1.0,
    "dps_ece": 0.4415784478187561,
    "da_dps_ece": 0.4436686336994171,
    "wasserstein": 0.10752128131988814,
    "energy": -0.035892486572265625,
    "mmd": 0.03999999910593033
  }
}